mutant,score
T40A,0.0102
C43T,0.0096
A39G:C43T,0.0098
G41A:C42T,0.0078
A39C:T40C:G41T,0.0066
T40G:G41C:C43A,0.0079
T40A:G41C:C43A,0.0066
A39G:T40C:G41C:C42A:C43T,0.0065
A39T:T40G:G41C:C42G:C43T,0.0064
T35C,0.009433333
T36C,0.010233333
G41T,0.0103
T52A,0.009833333
A62T,0.009133333
G44C,0.006133333
A53G,0.007033333
T55A,0.0066
A58C,0.0068
T64A,0.006733333
C17T,0.0078
A19T,0.0084
T21A,0.008233333
G44T,0.0077
C70T,0.008533333
